<?xml version="1.0" encoding="UTF-8"?>

<COMPONENT>
	<HEADER PLATEFORM="ALL" SERIAL="" VERSION="1.7" STATUS="PROD"
		COMPATIBILITY="ALL" AUTHOR="cimt ag" RELEASE_DATE="20140130A"
		STARTABLE="true">
		<SIGNATURE />
	</HEADER>

	<FAMILIES>
		<FAMILY>Business/Google</FAMILY>
	</FAMILIES>

	<DOCUMENTATION>
		<URL />
	</DOCUMENTATION>

	<CONNECTORS>
		<CONNECTOR CTYPE="FLOW" MAX_INPUT="0" MAX_OUTPUT="1" />
		<CONNECTOR CTYPE="ITERATE" MAX_INPUT="1" MAX_OUTPUT="0" />
		<CONNECTOR CTYPE="SUBJOB_OK" MAX_INPUT="1" MAX_OUTPUT="1" />
		<CONNECTOR CTYPE="SUBJOB_ERROR" MAX_INPUT="1" MAX_OUTPUT="1" />
		<CONNECTOR CTYPE="COMPONENT_OK" />
		<CONNECTOR CTYPE="COMPONENT_ERROR" />
		<CONNECTOR CTYPE="RUN_IF" />
	</CONNECTORS>
	<PARAMETERS>
		<PARAMETER FIELD="TEXT" NAME="APPLICATION_NAME" NUM_ROW="10" GROUP="CLIENT">
			<DEFAULT>"Fetch Analytics MCF Data"</DEFAULT>
		</PARAMETER>
		<PARAMETER FIELD="TEXT" NAME="SERVICE_ACCOUNT_EMAIL" NUM_ROW="20" REQUIRED="true" GROUP="CLIENT">
			<DEFAULT>"[service-account-id]developer.gserviceaccount.com"</DEFAULT>
		</PARAMETER>
		<PARAMETER FIELD="FILE" NAME="KEY_FILE" NUM_ROW="30" REQUIRED="true" GROUP="CLIENT">
			<DEFAULT>"/path/to/privatekey-file.p12"</DEFAULT>
		</PARAMETER>
		<PARAMETER FIELD="TEXT" NAME="PROFILE_ID" NUM_ROW="35" REQUIRED="true" GROUP="QUERY">
			<DEFAULT>""</DEFAULT>
		</PARAMETER>
		<PARAMETER FIELD="TEXT" NAME="START_DATE" NUM_ROW="40" REQUIRED="true" GROUP="QUERY"/>
		<PARAMETER FIELD="TEXT" NAME="END_DATE" NUM_ROW="50" REQUIRED="true" GROUP="QUERY"/>
		<PARAMETER FIELD="TEXT" NAME="DIMENSIONS" NUM_ROW="60" GROUP="QUERY">
			<DEFAULT>"mcf:nthDay,mcf:source,mcf:sourcePath,mcf:mediumPath,mcf:keyword"</DEFAULT>
		</PARAMETER>
		<PARAMETER FIELD="TEXT" NAME="METRICS" NUM_ROW="70"	REQUIRED="true" GROUP="QUERY">
			<DEFAULT>"mcf:totalConversions,mcf:totalConversionValue"</DEFAULT>
		</PARAMETER>
		<PARAMETER FIELD="TEXT" NAME="FILTERS" NUM_ROW="75" GROUP="QUERY">
			<DEFAULT>"mcf:medium==organic"</DEFAULT>
		</PARAMETER>
		<PARAMETER FIELD="TEXT" NAME="SORTS" NUM_ROW="80" GROUP="QUERY">
			<DEFAULT>"mcf:source"</DEFAULT>
		</PARAMETER>
		<PARAMETER NAME="SAMPLING_LEVEL" FIELD="CLOSED_LIST" NUM_ROW="85" GROUP="QUERY">
	    	<ITEMS DEFAULT="DEFAULT">
	    		<ITEM NAME="DEFAULT" VALUE="DEFAULT" />
	    		<ITEM NAME="FASTER" VALUE="FASTER" />
	    		<ITEM NAME="HIGHER_PRECISION" VALUE="HIGHER_PRECISION" />
	    	</ITEMS>
	    </PARAMETER>
		<PARAMETER FIELD="SCHEMA_TYPE" NAME="SCHEMA" REQUIRED="true" NUM_ROW="90" GROUP="QUERY">
			<DEFAULT />
		</PARAMETER>
		<PARAMETER FIELD="CHECK" NAME="DELIVER_TOTALS_DATASET" REQUIRED="true" NUM_ROW="90" GROUP="QUERY">
			<DEFAULT>false</DEFAULT>
		</PARAMETER>
	</PARAMETERS>
	<ADVANCED_PARAMETERS>
		<PARAMETER FIELD="TEXT" NAME="CONVERSION_PATH_DELIMITER" NUM_ROW="5" >
			<DEFAULT>"&gt;"</DEFAULT>
		</PARAMETER>
		<PARAMETER FIELD="TEXT" NAME="TIMEOUT_IN_SEC" NUM_ROW="10" >
			<DEFAULT>240</DEFAULT>
		</PARAMETER>
		<PARAMETER FIELD="TEXT" NAME="TIME_OFFSET" NUM_ROW="15" >
			<DEFAULT>10000</DEFAULT>
		</PARAMETER>
		<PARAMETER FIELD="TEXT" NAME="FETCH_SIZE" NUM_ROW="20" >
			<DEFAULT>10000</DEFAULT>
		</PARAMETER>
		<PARAMETER FIELD="TEXT" NAME="NUMBERFORMAT_LOCALE" NUM_ROW="30" REQUIRED="true">
			<DEFAULT>en</DEFAULT>
		</PARAMETER>
		<PARAMETER FIELD="CHECK" NAME="KEEP_CLIENT" NUM_ROW="40" >
			<DEFAULT>true</DEFAULT>
		</PARAMETER>
		<PARAMETER FIELD="TEXT" NAME="KEEP_CLIENT_KEY" NUM_ROW="40" 
		           SHOW_IF="KEEP_CLIENT == 'true'">
		</PARAMETER>
	</ADVANCED_PARAMETERS>
	<CODEGENERATION>
		<IMPORTS>
			<IMPORT NAME="Google Analytics"
				MODULE="cimt.talendcomp.gamfc-1.7-jar-with-dependencies.jar"
				REQUIRED="true" />
		</IMPORTS>
	</CODEGENERATION>
	<RETURNS>
		<RETURN AVAILABILITY="AFTER" NAME="NB_LINE" TYPE="id_Integer" />
		<RETURN AVAILABILITY="AFTER" NAME="CONTAINS_SAMPLED_DATA" TYPE="id_Boolean" />
		<RETURN AVAILABILITY="AFTER" NAME="SAMPLE_SIZE" TYPE="id_Long" />
		<RETURN AVAILABILITY="AFTER" NAME="SAMPLE_SPACE" TYPE="id_Long" />
		<RETURN AVAILABILITY="AFTER" NAME="TOTAL_AFFECTED_ROWS" TYPE="id_Integer" />
	</RETURNS>
</COMPONENT>
